type,id,subreddit.id,subreddit.name,subreddit.nsfw,created_utc,permalink,domain,url,selftext,title,score
post,tj4i58,2s5ti,meirl,False,1647841019,https://old.reddit.com/r/meirl/comments/tj4i58/meirl/,i.redd.it,https://i.redd.it/rguvxweuboo81.jpg,,Meirl,75420
post,p55wvp,2s5ti,meirl,False,1629076220,https://old.reddit.com/r/meirl/comments/p55wvp/meirl/,i.redd.it,https://i.redd.it/ngjhe18hemh71.jpg,,meirl,5320
post,mwqoll,2s5ti,meirl,False,1619166594,https://old.reddit.com/r/meirl/comments/mwqoll/meirl/,i.redd.it,https://i.redd.it/gxgoy3t1wvu61.jpg,,meirl,30758
post,l0klw0,2s5ti,meirl,False,1611065661,https://old.reddit.com/r/meirl/comments/l0klw0/meirl/,i.imgur.com,https://i.imgur.com/Fc4mQX4.jpg,,meirl,47016
post,l02ti3,2s5ti,meirl,False,1611001139,https://old.reddit.com/r/meirl/comments/l02ti3/meirl/,i.redd.it,https://i.redd.it/f1i01bhzf5c61.jpg,,Meirl,5073
post,js6h2h,2s5ti,meirl,False,1605093964,https://old.reddit.com/r/meirl/comments/js6h2h/meirl/,i.redd.it,https://i.redd.it/jf7zp65wily51.png,,meirl,18547
post,j8fxde,2s5ti,meirl,False,1602312786,https://old.reddit.com/r/meirl/comments/j8fxde/meirl/,i.imgur.com,https://i.imgur.com/CPYqr5c.jpg,,Meirl,191
post,g244o8,2s5ti,meirl,False,1586995854,https://old.reddit.com/r/meirl/comments/g244o8/meirl/,i.redd.it,https://i.redd.it/5j5n84twn2t41.jpg,,meirl,227
post,g1phm6,2s5ti,meirl,False,1586946865,https://old.reddit.com/r/meirl/comments/g1phm6/meirl/,i.redd.it,https://i.redd.it/8ot2cgg9mys41.jpg,,meirl,26111
post,fd6ygc,2s5ti,meirl,False,1583292870,https://old.reddit.com/r/meirl/comments/fd6ygc/meirl/,i.redd.it,https://i.redd.it/d7ixzl22tkk41.jpg,,meirl,13027
post,7r3zu0,2s5ti,meirl,False,1516220829,https://old.reddit.com/r/meirl/comments/7r3zu0/meirl/,i.redd.it,https://i.redd.it/z0kr27mgtoa01.jpg,,Meirl,21629
post,718rwe,2s5ti,meirl,False,1505882338,https://old.reddit.com/r/meirl/comments/718rwe/meirl/,i.redd.it,https://i.redd.it/9ixhqrotvymz.png,,Meirl,1444
post,6skobw,2s5ti,meirl,False,1502275736,https://old.reddit.com/r/meirl/comments/6skobw/meirl/,i.redd.it,https://i.redd.it/3x42gwijzoez.jpg,,Meirl,18830
post,66prls,2s5ti,meirl,False,1492787295,https://old.reddit.com/r/meirl/comments/66prls/meirl/,i.imgur.com,http://i.imgur.com/j5QLTWC.png,,Meirl,2510
post,44llao,2s5ti,meirl,False,1454851748,https://old.reddit.com/r/meirl/comments/44llao/meirl/,i.imgur.com,http://i.imgur.com/YdvXrdD.jpg,,meirl,7729
